Designator,Val,Package,Mid X,Mid Y,Rotation,Layer
C1,0.1uF,C_0402_1005Metric,129.25,-66.75,135,top
C2,10pF,C_0402_1005Metric,128,-65,-45,top
C3,1uF,C_0402_1005Metric,135,-75.75,-45,top
C4,0.1uF,C_0402_1005Metric,139.25,-69.75,-45,top
C5,0.1uF,C_0402_1005Metric,136.5,-74.25,-45,top
C6,0.1uF,C_0402_1005Metric,134,-77,-135,top
C7,0.1uF,C_0402_1005Metric,133.25,-76.25,-135,top
C8,0.1uF,C_0402_1005Metric,135.75,-75,-45,top
C9,10pF,C_0402_1005Metric,128.75,-61.5,-135,top
C10,0.1uF,C_0402_1005Metric,144.5,-80.75,90,top
C11,10uF,C_0402_1005Metric,97,-63,-135,top
C12,0.1uF,C_0402_1005Metric,97.75,-65.25,-135,top
C81,10uF,C_0402_1005Metric,89.365,-97.75,-90,top
C82,10uF,C_0402_1005Metric,89.365,-92.25,90,top
C83,10uF,C_0805_2012Metric,127.3,-96.625,-90,top
C84,10uF,C_0805_2012Metric,125.05,-96.625,-90,top
C85,10uF,C_0603_1608Metric,130,-96.975,180,top
C86,100nF,C_0402_1005Metric,132.57,-102.125,0,top
C87,10uF,C_0603_1608Metric,133.1,-96.975,0,top
C88,22uF,C_0805_2012Metric,138.05,-96.625,-90,top
C89,22uF,C_0805_2012Metric,140.3,-96.625,-90,top
C90,22uF,C_0805_2012Metric,135.8,-96.625,-90,top
C91,100nF,C_0603_1608Metric,105.5,-85.75,90,top
C92,10uF,C_0603_1608Metric,100.25,-90.25,180,top
C93,100nF,C_0603_1608Metric,95,-48,90,top
C94,10uF,C_0603_1608Metric,89.5,-52.75,180,top
C95,20pF,C_0402_1005Metric,86,-69.900071,-45,top
C96,1uF,C_0402_1005Metric,145.5,-58.5,-135,top
C97,10uF,C_0603_1608Metric,110.75,-96,0,top
C98,22uF,C_1206_3216Metric,120,-95,0,top
C99,4.7uF,C_0603_1608Metric,93.912099,-102.747353,-90,top
C100,33uF,C_0603_1608Metric,94.682099,-99.997353,180,top
C101,10uF,C_0603_1608Metric,97.912099,-99.997353,0,top
C102,1uF,C_0603_1608Metric,127.5,-72.5,-135,top
C103,0.1uF,C_0402_1005Metric,137.25,-75.75,-135,top
C104,0.1uF,C_0402_1005Metric,132,-76,-135,top
C105,0.1uF,C_0402_1005Metric,129,-73,-135,top
C106,20pF,C_0402_1005Metric,86.25,-65.900071,-135,top
C107,220nF,C_0402_1005Metric,93.25,-64.5,-135,top
C108,10uF,C_0402_1005Metric,101.75,-64.75,45,top
C109,10uF,C_0402_1005Metric,102.6,-67.6,-135,top
C110,0.1uF,C_0402_1005Metric,101.25,-69,-135,top
C111,0.1uF,C_0402_1005Metric,100.25,-66.25,45,top
C112,10uF,C_0402_1005Metric,94,-76.75,45,top
C113,0.1uF,C_0402_1005Metric,93.25,-76,45,top
C114,10uF,C_0402_1005Metric,90.75,-75.75,-45,top
C115,0.1uF,C_0402_1005Metric,91.5,-74.25,-135,top
C116,10uF,C_0402_1005Metric,97,-64.5,-135,top
C117,0.1uF,C_0402_1005Metric,95.5,-64.5,-135,top
C118,10uF,C_0402_1005Metric,97,-43.75,90,top
C119,0.1uF,C_0402_1005Metric,98.25,-43.75,90,top
CM1,RX5808,COMM-SMD_12P_RX5808,115.5,-45,180,top
D10,Diode,D_SMB,120.75,-100,-90,top
FPC1,0.5K-AS-40PWB,FPC-SMD_40P-P0.50_0.5K-AS-40PWB,108.85,-71.5,90,top
J1,Conn_01x02_Pin,PinHeader_1x02_P2.54mm_Vertical,102,-100.225,0,top
J2,Conn_02x03_Counter_Clockwise,PinHeader_2x03_P1.27mm_Vertical,131.53,-44.93,0,top
J4,Conn_02x04_Counter_Clockwise,PinHeader_2x04_P1.27mm_Vertical,141.695,-46.635,90,top
J5,Conn_02x02_Counter_Clockwise,PinHeader_2x02_P1.27mm_Vertical,131.115,-51.885,90,top
L3,XFL4020-152MEC,IND-SMD_L4.0-W4.0-A,131.55,-93.375,0,top
L4,22uH,IND-SMD_L5.8-W5.8,114.5,-100.25,0,top
LED1,KT-0603YB,LED0603-RD,122,-31.5,-90,top
LED2,KT-0603YB,LED0603-RD,120,-31.5,-90,top
LED3,KT-0603YB,LED0603-RD,118,-31.5,-90,top
LED4,KT-0603YB,LED0603-RD,116,-31.5,-90,top
LED5,KT-0603YB,LED0603-RD,114,-31.5,-90,top
LED6,KT-0603YB,LED0603-RD,112,-31.5,-90,top
LED7,KT-0603YB,LED0603-RD,110,-31.5,-90,top
LED8,KT-0603YB,LED0603-RD,108,-31.5,-90,top
LED10,KT-0603YG,LED0603-RD,144.75,-98.5,180,top
LED17,KT-0603YG,LED0603-RD,144.75,-96.5,180,top
LED18,KT-0603YG,LED0603-RD,144.75,-94.5,180,top
LED19,KT-0603YG,LED0603-RD,144.75,-92.5,180,top
LED20,KT-0603YG,LED0603-RD,144.75,-90.5,180,top
LED21,KT-0603YG,LED0603-RD,144.75,-88.5,180,top
LED22,KT-0603YG,LED0603-RD,144.75,-86.5,180,top
LED23,KT-0603YR,LED0603-RD,144.75,-84.5,180,top
R1,220,R_0402_1005Metric,139,-57,90,top
R2,220,R_0402_1005Metric,138,-57,90,top
R3,220,R_0402_1005Metric,137,-57,90,top
R4,220,R_0402_1005Metric,136,-57,90,top
R5,220,R_0402_1005Metric,135,-57,90,top
R6,220,R_0402_1005Metric,134,-57,90,top
R7,220,R_0402_1005Metric,133,-57,90,top
R8,220,R_0402_1005Metric,132,-57,90,top
R9,27,R_0402_1005Metric,91.115,-94.5,0,top
R10,27,R_0402_1005Metric,91.115,-95.5,0,top
R11,1K,R_0402_1005Metric,144.25,-68.25,-90,top
R12,10K,R_0402_1005Metric,144.25,-70.25,90,top
R13,4.7K,R_0402_1005Metric,139.639376,-68.639376,135,top
R14,4.7K,R_0402_1005Metric,139.889376,-67.389376,135,top
R15,4.7K,R_0402_1005Metric,140.139376,-66.139376,135,top
R16,4.7K,R_0402_1005Metric,134.25,-63.75,-135,top
R57,5.1K,R_0402_1005Metric,91.115,-93.25,0,top
R59,5.1K,R_0402_1005Metric,91.115,-96.75,0,top
R70,10K,R_0402_1005Metric,130.3,-102.125,0,top
R71,100K,R_0402_1005Metric,132.35,-103.125,0,top
R79,80,R_0402_1005Metric,90.5,-65.400071,-45,top
R81,10K,R_0402_1005Metric,126,-67,90,top
R90,220,R_0402_1005Metric,141.75,-87.5,0,top
R91,10K,R_0402_1005Metric,104.5,-100.51,-90,top
R92,10K,R_0402_1005Metric,104.5,-102.51,-90,top
R93,1.8K,R_0402_1005Metric,123.5,-92,180,top
R94,1K,R_0402_1005Metric,122,-88.75,90,top
R95,10K,R_0402_1005Metric,117.99,-93.2,180,top
R105,396K,R_0402_1005Metric,119.98,-93.2,180,top
R106,10K,R_0402_1005Metric,98.412099,-102.247353,90,top
R107,4.7K,R_0402_1005Metric,98.25,-46.49,90,top
R108,2.2K,R_0402_1005Metric,98.25,-48.49,90,top
R111,1.5K,R_0402_1005Metric,141.75,-93.5,0,top
R112,1.5K,R_0402_1005Metric,141.75,-92.5,0,top
R113,1.5K,R_0402_1005Metric,141.75,-91.5,0,top
R114,3.3K,R_0402_1005Metric,141.75,-90.5,0,top
R115,1.5k,R_0402_1005Metric,141.75,-89.5,0,top
R116,220,R_0402_1005Metric,141.75,-88.5,0,top
RV1,10K,Potentiometer_Bourns_3314J_Vertical,126,-88.75,90,top
SW1,SW_Push,SW_Push_1P1T-SH_NO_CK_KMR2xxG,142.5,-61.5,135,top
SW15,DSIC03LSGET,SW-SMD_DSIC03LSGET,92.5,-35,-90,top
SW16,SW_Push,SW_Push_1P1T-SH_NO_CK_KMR2xxG,143,-56,135,top
SW18,K3-1204D-L,SW-TH_K3-1204D-L,85.8825,-84,-90,top
U1,RP2040,QFN-56-1EP_7x7mm_P0.4mm_EP3.2x3.2mm,133.368629,-70,-135,top
U2,ABM8-272-T3_C20625731,CRYSTAL-SMD_4P-L3.2-W2.5-BL,130.75,-63.25,45,top
U4,W25Q16JVZPIQ,WSON-8_L6.0-W5.0-P1.27-BL-EP,142.399999,-75.51,180,top
U22,~,QFN-48-1EP_7x7mm_P0.5mm_EP5.6x5.6mm_ThermalVias,95.5,-70.75,-45,top
U24,TPS630701RNMT,VQFN-15_L3.0-W2.5-P0.50-BL,131.55,-99.665,0,top
U25,BQ21088YBGR,DSBGA-8_L1.5-W1.0-R2-C4-P0.40-BL,96.412099,-102.247353,0,top
U27,LD1117S33TR_SOT223,SOT-223-3_TabPin2,100.25,-85.75,180,top
U28,CAT4104,SOIC-8_L4.9-W3.9-P1.27-LS6.0-BL,117.23,-88.75,-90,top
U29,MT3608,SOT-23-6,114.6875,-94.95,180,top
U30,SMA_Conn,SMA-TH_SMA-KWE_C7498154,136.5,-35.5,-90,top
U31,LD1117S18TR_SOT223,SOT-223-3_TabPin2,89.5,-48.25,180,top
USB2,TYPE-C 16P(073),USB-C-SMD_TYPE-C16PIN_C668624,85.5,-95,-90,top
X3,X322527MSB4SI,CRYSTAL-SMD_4P-L3.2-W2.5-BL-1,88.25,-67.5,45,top
